{"upnl": 175392.94070409995, "timestamp": 1764302131.81829}